{"avg_likes":{"CANADA":18657.6552403467,"DENMARK":14874.5523418242,"FRANCE":10894.7008982036,"GREAT BRITAIN":46257.696,"INDIA":13631.4978962132,"JAPAN":6131.1441170144,"KOREA":8116.3663121444,"MEXICO":9283.7860111796,"RUSSIA":6959.8630789208,"U.S.A":27433.3525147259},"avg_dislikes":{"CANADA":879.8270291568,"DENMARK":847.2913722268,"FRANCE":508.6839820359,"GREAT BRITAIN":1914.2104615385,"INDIA":1011.0301542777,"JAPAN":265.0574317057,"KOREA":532.4971555775,"MEXICO":429.7200802637,"RUSSIA":635.9046313663,"U.S.A":1110.4195740825},"avg_comment":{"CANADA":2342.1682427108,"DENMARK":1829.6128184059,"FRANCE":1142.3297904192,"GREAT BRITAIN":4704.6436923077,"INDIA":1508.9060308555,"JAPAN":775.9677349968,"KOREA":1184.8896858768,"MEXICO":1166.6193206249,"RUSSIA":871.5924109075,"U.S.A":3340.5999093792},"total_vids":{"CANADA":40881,"DENMARK":40840,"FRANCE":40724,"GREAT BRITAIN":38916,"INDIA":37352,"JAPAN":20523,"KOREA":34567,"MEXICO":40451,"RUSSIA":40739,"U.S.A":40949},"total_views":{"CANADA":2707881149,"DENMARK":2545047594,"FRANCE":1962838695,"GREAT BRITAIN":2122672331,"INDIA":660816013,"JAPAN":863400056,"KOREA":1255061024,"MEXICO":1529353706,"RUSSIA":1155558365,"U.S.A":1370730670}}